NutrientID,NutrientCode,NutrientSymbol,NutrientUnit,NutrientName,NutrientNameF,Tagname,NutrientDecimals
203,203,PROT,g,PROTEIN,PROTÉINES,PROCNT,2
204,204,FAT,g,FAT (TOTAL LIPIDS),LIPIDES TOTAUX,FAT,2
205,205,CARB,g,"CARBOHYDRATE, TOTAL (BY DIFFERENCE)",GLUCIDES TOTAUX (PAR DIFFÉRENCE),CHOCDF,2
207,207,ASH,g,"ASH, TOTAL","CENDRES, TOTALES",ASH,2
208,208,KCAL,kCal,ENERGY (KILOCALORIES),ÉNERGIE (KILOCALORIES),ENERC_KCAL,0
810,209,STAR,g,STARCH,AMIDON,STARCH,2
210,210,SUCR,g,SUCROSE,SUCROSE,SUCS,2
211,211,GLUC,g,GLUCOSE,GLUCOSE,GLUS,2
212,212,FRUC,g,FRUCTOSE,FRUCTOSE,FRUS,2
213,213,LACT,g,LACTOSE,LACTOSE,LACS,2
214,214,MALT,g,MALTOSE,MALTOSE,MALS,2
221,221,ALCO,g,ALCOHOL,ALCOOL,ALC,2
245,245,OXAL,mg,OXALIC ACID,ACIDE OXALIQUE,OXALAC,0
255,255,H2O,g,MOISTURE,EAU,WATER,2
260,260,MANN,g,MANNITOL,MANNITOL,MANTL,2
261,261,SORB,g,SORBITOL,SORBITOL,SORTL,2
262,262,CAFF,mg,CAFFEINE,CAFÉINE,CAFFN,0
263,263,THBR,mg,THEOBROMINE,THÉOBROMINE,THEBRN,0
268,268,KJ,kJ,ENERGY (KILOJOULES),ÉNERGIE (KILOJOULES),ENERC_KJ,0
269,269,TSUG,g,"SUGARS, TOTAL",SUCRES TOTAUX,SUGAR,2
287,287,GAL,g,GALACTOSE,GALACTOSE,GALS,2
291,291,TDF,g,"FIBRE, TOTAL DIETARY",FIBRES ALIMENTAIRES TOTALES,FIBTG,1
301,301,CA,mg,CALCIUM,CALCIUM,CA,0
303,303,FE,mg,IRON,FER,FE,2
304,304,MG,mg,MAGNESIUM,MAGNÉSIUM,MG,0
305,305,P,mg,PHOSPHORUS,PHOSPHORE,P,0
306,306,K,mg,POTASSIUM,POTASSIUM,K,0
307,307,NA,mg,SODIUM,SODIUM,NA,0
309,309,ZN,mg,ZINC,ZINC,ZN,2
312,312,CU,mg,COPPER,CUIVRE,CU,3
315,315,MN,mg,MANGANESE,MANGANÈSE,MN,3
317,317,SE,µg,SELENIUM,SÉLÉNIUM,SE,1
319,319,RT-µG,µg,RETINOL,RÉTINOL,RETOL,0
814,320,RAE,µg,RETINOL ACTIVITY EQUIVALENTS,ÉQUIVALENTS D'ACTIVITÉ DU RÉTINOL,VITA_RAE,0
321,321,BC-µG,µg,BETA CAROTENE,BÉTA CAROTÈNE,CARTB,0
834,322,AC-µG,µg,ALPHA CAROTENE,ALPHA-CAROTÈNE,CARTA,0
323,323,ATMG,mg,ALPHA-TOCOPHEROL,ALPHA-TOCOPHÉROL,TOCPHA,2
324,324,D-IU,IU,VITAMIN D (INTERNATIONAL UNITS),VITAMINE D (UNITES INTERNATIONALES),VITD_IU,0
876,325,D2-µG,µg,"VITAMIN D2, ERGOCALCIFEROL","VITAMINE D2, (ERGOCALCIFÉROL)",ERGCAL,1
339,328,D3+D2-µG,µg,VITAMIN D (D2 + D3),VITAMINE D (D2 + D3),VITD_ µG,1
835,334,CRYPX,µg,BETA CRYPTOXANTHIN,BÊTA-CRYPTOZANTHINE,CRYPX,0
836,337,LYCPN,µg,LYCOPENE,LYCOPÈNE,LYCPN,0
837,338,LUT+ZEA,µg,LUTEIN AND ZEAXANTHIN,LUTÉINE ET ZÉAXANTHINE,LUT+ZEA,0
811,341,BTMG,mg,BETA-TOCOPHEROL,BÊTA-TOCOPHÉROL,TOCPHB,2
812,342,GTMG,mg,GAMMA-TOCOPHEROL,GAMMA-TOCOPHÉROL,TOCPHG,2
813,343,DTMG,mg,DELTA-TOCOPHEROL,DELTA-TOCOPHÉROL,TOCPHD,2
401,401,VITC,mg,VITAMIN C,VITAMINE C,VITC,1
404,404,THIA,mg,THIAMIN,THIAMINE,THIA,3
405,405,RIBO,mg,RIBOFLAVIN,RIBOFLAVINE,RIBF,3
406,406,N-MG,mg,NIACIN (NICOTINIC ACID) PREFORMED,NIACINE (ACIDE NICOTINIQUE) PRÉFORMÉE,NIA,3
409,409,N-NE,NE,TOTAL NIACIN EQUIVALENT,ÉQUIVALENT EN NIACINE TOTALE,NIAEQ,3
410,410,PANT,mg,PANTOTHENIC ACID,ACIDE PANTOTHÉNIQUE,PANTAC,3
415,415,B6,mg,VITAMIN B-6,VITAMINE B-6,VITB6A,3
416,416,BIOT,µg,BIOTIN,BIOTINE,BIOT,0
417,417,FOLA,µg,TOTAL FOLACIN,FOLACINE TOTALE,FOL,0
418,418,B12,µg,VITAMIN B-12,VITAMINE B-12,VITB12,2
862,421,CHOLN,mg,"CHOLINE, TOTAL","CHOLINE, TOTALE",CHOLN,1
430,430,VITK,µg,VITAMIN K,VITAMINE K,VITK,1
431,431,FOAC,µg,FOLIC ACID,ACIDE FOLIQUE,FOLAC,0
806,432,FOLN,µg,NATURALLY OCCURRING FOLATE,FOLATES PRÉSENTS NATURELLEMENT,FOLFD,0
815,435,DFE,µg,DIETARY FOLATE EQUIVALENTS,ÉQUIVALENTS DE FOLATE ALIMENTAIRE (ÉFA),FOLDFE,0
863,454,BETN,mg,BETAINE,BÉTAÏNE,BETN,1
501,501,TRP,g,TRYPTOPHAN,TRYPTOPHANE,TRP,3
502,502,THR,g,THREONINE,THRÉONINE,THR,3
503,503,ISO,g,ISOLEUCINE,ISOLEUCINE,ILE,3
504,504,LEU,g,LEUCINE,LEUCINE,LEU,3
505,505,LYS,g,LYSINE,LYSINE,LYS,3
506,506,MET,g,METHIONINE,MÉTHIONINE,MET,3
507,507,CYS,g,CYSTINE,CYSTINE,CYS,3
508,508,PHE,g,PHENYLALANINE,PHÉNYLALANINE,PHE,3
509,509,TYR,g,TYROSINE,TYROSINE,TYR,3
510,510,VAL,g,VALINE,VALINE,VAL,3
511,511,ARG,g,ARGININE,ARGININE,ARG,3
512,512,HIS,g,HISTIDINE,HISTIDINE,HIS,3
513,513,ALA,g,ALANINE,ALANINE,ALA,3
514,514,ASP,g,ASPARTIC ACID,ACIDE ASPARTIQUE,ASP,3
515,515,GLU,g,GLUTAMIC ACID,ACIDE GLUTAMIQUE,GLU,3
516,516,GLY,g,GLYCINE,GLYCINE,GLY,3
517,517,PRO,g,PROLINE,PROLINE,PRO,3
518,518,SER,g,SERINE,SERINE,SER,3
828,521,HYP,g,HYDROXYPROLINE,HYDROXYPROLINE,HYP,3
550,550,ASPA,mg,ASPARTAME,ASPARTAME,,0
875,573,ATMG-A,mg,"ALPHA-TOCOPHEROL, ADDED","ALPHA-TOCOPHÉROL, AJOUTÉ",,2
874,578,B12-A,µg,"VITAMIN B12, ADDED","VITAMINE B12, AJOUTÉE",,2
601,601,CHOL,mg,CHOLESTEROL,CHOLESTEROL,CHOLE,0
605,605,TRFA,g,"FATTY ACIDS, TRANS, TOTAL",ACIDES GRAS TRANS TOTAUX,FATRN,3
606,606,TSAT,g,"FATTY ACIDS, SATURATED, TOTAL",ACIDES GRAS SATURÉS TOTAUX,FASAT,3
607,607,4:0,g,"FATTY ACIDS, SATURATED, 4:0, BUTANOIC","ACIDES GRAS SATURÉS, 4:0, BUTANOÏQUE",F4D0,3
608,608,6:0,g,"FATTY ACIDS, SATURATED, 6:0, HEXANOIC","ACIDES GRAS SATURÉS, 6:0, HEXANOÏQUE",F6D0,3
609,609,8:0,g,"FATTY ACIDS, SATURATED, 8:0, OCTANOIC","ACIDES GRAS SATURÉS, 8:0, OCTANOÏQUE",F8D0,3
610,610,10:0,g,"FATTY ACIDS, SATURATED, 10:0, DECANOIC","ACIDES GRAS SATURÉS, 10:0, DÉCANOÏQUE",F10D0,3
611,611,12:0,g,"FATTY ACIDS, SATURATED, 12:0, DODECANOIC","ACIDES GRAS SATURÉS, 12:0, DODÉCANOÏQUE",F12D0,3
612,612,14:0,g,"FATTY ACIDS, SATURATED, 14:0, TETRADECANOIC","ACIDES GRAS SATURÉS, 14:0, TÉTRADÉCANOÏQUE",F14D0,3
613,613,16:0,g,"FATTY ACIDS, SATURATED, 16:0, HEXADECANOIC","ACIDES GRAS SATURÉS, 16:0, HEXADÉCANOÏQUE",F16D0,3
614,614,18:0,g,"FATTY ACIDS, SATURATED, 18:0, OCTADECANOIC","ACIDES GRAS SATURÉS, 18:0,  OCTADÉCANOÏQUE",F18D0,3
615,615,20:0,g,"FATTY ACIDS, SATURATED, 20:0, EICOSANOIC","ACIDES GRAS SATURÉS, 20:0, EÏCOSANOÏQUE",F20D0,3
617,617,18:1undiff,g,"FATTY ACIDS, MONOUNSATURATED, 18:1undifferentiated, OCTADECENOIC","ACIDES GRAS MONOINSATURÉS, 18:1non différencié, OCTADÉCÉNOÏQUE",F18D1,3
618,618,18:2undiff,g,"FATTY ACIDS, POLYUNSATURATED, 18:2undifferentiated, LINOLEIC, OCTADECADIENOIC","ACIDES GRAS POLYINSATURÉS, 18:2non différencié,  LINOLÉIQUE, OCTADÉCADIÉNOÏQUE",F18D2,3
619,619,18:3undiff,g,"FATTY ACIDS, POLYUNSATURATED, 18:3undifferentiated, LINOLENIC, OCTADECATRIENOIC","ACIDES GRAS POLYINSATURÉS, 18:3non différencié, LINOLÉNIQUE, OCTADÉCATRIÉNOÏQUE",F18D3,3
620,620,20:4undiff,g,"FATTY ACIDS, POLYUNSATURATED, 20:4, EICOSATETRAENOIC","ACIDES GRAS POLYINSATURÉS, 20:4, EÏCOSATÉTRAÉNOÏQUE",F20D4,3
621,621,22:6n-3DHA,g,"FATTY ACIDS, POLYUNSATURATED, 22:6 n-3, DOCOSAHEXAENOIC (DHA)","ACIDES GRAS POLYINSATURÉS,  22:6 n-3, DOCOSAHEXAÉNOÏQUE",F22D6N3,3
624,624,22:0,g,"FATTY ACIDS, SATURATED, 22:0, DOCOSANOIC","ACIDES GRAS SATURÉS, 22:0, DOCOSANOÏQUE",F22D0,3
625,625,14:1,g,"FATTY ACIDS, MONOUNSATURATED, 14:1, TETRADECENOIC","ACIDES GRAS MONOINSATURÉS, 14:1, TÉTRADÉCÉNOÏQUE",F14D1,3
626,626,16:1undiff,g,"FATTY ACIDS, MONOUNSATURATED, 16:1undifferentiated, HEXADECENOIC","ACIDES GRAS MONOINSATURÉS, 16:1non différencié, HEXADÉCÉNOÏQUE",F16D1,3
627,627,18:4,g,"FATTY ACIDS, POLYUNSATURATED, 18:4, OCTADECATETRAENOIC","ACIDES GRAS POLYINSATURÉS, 18:4, OCTADÉCATÉTRAÉNOÏQUE",F18D4,3
628,628,20:1,g,"FATTY ACIDS, MONOUNSATURATED, 20:1, EICOSENOIC","ACIDES GRAS MONOINSATURÉS, 20:1, EÏCOSÉNOÏQUE",F20D1,3
629,629,20:5n-3EPA,g,"FATTY ACIDS, POLYUNSATURATED, 20:5 n-3, EICOSAPENTAENOIC (EPA)","ACIDES GRAS POLYINSATURÉS, 20:5 n-3, EÏCOSAPENTAÉNOÏQUE",F20D5N3,3
630,630,22:1undiff,g,"FATTY ACIDS, MONOUNSATURATED, 22:1undifferentiated, DOCOSENOIC","ACIDES GRAS MONOINSATURÉS, 22:1non différencié, DOCOSÉNOÏQUE",F22D1,3
631,631,22:5n-3DPA,g,"FATTY ACIDS, POLYUNSATURATED, 22:5 n-3, DOCOSAPENTAENOIC (DPA)","ACIDES GRAS POLYINSATURÉS, 22:5 n-3, DOCOSAPENTAÉNOÏQUE",F22D5N3,3
636,636,TPST,mg,TOTAL PLANT STEROL,STÉROLS VÉGÉTAUX TOTAUX,PHYSTR,0
638,638,STIG,mg,STIGMASTEROL,STIGMASTÉROL,STID7,0
866,639,CAMSTR,mg,CAMPESTEROL,CAMPESTÉROL,CAMD5,0
816,641,SITSTR,mg,BETA-SITOSTEROL,BÉTA-SITOSTÉROL,SITSTR,0
645,645,MUFA,g,"FATTY ACIDS, MONOUNSATURATED, TOTAL",ACIDES GRAS MONOINSATURÉS  TOTAUX,FAMS,3
646,646,PUFA,g,"FATTY ACIDS, POLYUNSATURATED, TOTAL",ACIDES GRAS POLYINSATURÉS TOTAUX,FAPU,3
652,652,15:0,g,"FATTY ACIDS, SATURATED, 15:0, PENTADECANOIC","ACIDES GRAS SATURÉS, 15:0, PENTADÉCANOÏQUE",F15D0,3
653,653,17:0,g,"FATTY ACIDS, SATURATED, 17:0, HEPTADECANOIC","ACIDES GRAS SATURÉS, 17:0, HEPTADÉCANOÏQUE",F17D0,3
654,654,24:0,g,"FATTY ACIDS, SATURATED, 24:0, TETRACOSANOIC","ACIDES GRAS SATURÉS, 24:0, TÉTRASANOÏQUE",F24D0,3
817,662,16:1t,g,"FATTY ACIDS, MONOUNSATURATED, 16:1t, HEXADECENOIC","ACIDES GRAS MONOINSATURÉS, 16:1t, HEXADÉCÉNOÏQUE",F16D1T,3
818,663,18:1t,g,"FATTY ACIDS, MONOUNSATURATED, 18:1t, OCTADECENOIC","ACIDE GRAS MONOINSATURÉS, 18:1t, OCTADÉCÉNOÏQUE",F18D1T,3
852,664,22:1t,g,"FATTY ACIDS, MONOUNSATURATED, 22:1t, DOCOSENOIC","ACIDE GRAS MONOINSATURÉS, 22:1t, DOCOSÉNOÏQUE",,3
819,666,18:2i,g,"FATTY ACIDS, POLYUNSATURATED, 18:2i, LINOLEIC, OCTADECADIENOIC","ACIDES GRAS POLYINSATURÉS, 18:2i, LINOLÉIQUE, OCTADÉCADIÉNOÏQUE",,3
853,669,"18:2t,t",g,"FATTY ACIDS, POLYUNSATURATED, 18:2t,t , OCTADECADIENENOIC","ACIDES GRAS POLYINSATURÉS, 18:2t,t , OCTADECADIÉNOÏQUE",F18D2TT,3
838,670,18:2cla,g,"FATTY ACIDS, POLYUNSATURATED, CONJUGATED, 18:2 cla, LINOLEIC, OCTADECADIENOIC","ACIDES GRAS POLYINSATURÉS CONJUGUÉS, 18:2 cla, LINOLÉIQUE, OCTADÉCADIÉNOÏQUE",F18D2CLA,3
820,671,24:1c,g,"FATTY ACIDS, MONOUNSATURATED, 24:1c, TETRACOSENOIC","ACIDES GRAS MONOINSATURÉS, 24:1c, TÉTRACOSÉNOÏQUE",F24D1C,3
823,672,20:2cc,g,"FATTY ACIDS, POLYUNSATURATED, 20:2 c,c  EICOSADIENOIC","ACIDES GRAS POLYINSATURÉS, 20:2 c,c  EÏCOSADIÉNOÏQUE",F20D2CN6,3
821,673,16:1c,g,"FATTY ACIDS, MONOUNSATURATED, 16:1c, HEXADECENOIC","ACIDES GRAS MONOINSATURÉS, 16:1c, HEXADÉCÉNOÏQUE",F16D1C,3
824,674,18:1c,g,"FATTY ACIDS, MONOUNSATURATED, 18:1c, OCTADECENOIC","ACIDES GRAS MONOINSATURÉS, 18:1c, OCTADÉCÉNOÏQUE",F18D1C,3
825,675,18:2ccn-6,g,"FATTY ACIDS, POLYUNSATURATED, 18:2 c,c n-6,  LINOLEIC, OCTADECADIENOIC","ACIDES GRAS POLYINSATURÉS, 18:2 c,c n-6, LINOLÉIQUE, OCTADÉCADIÉNOÏQUE",F18D2CN6,3
840,676,22:1c,g,"FATTY ACIDS, MONOUNSATURATED, 22:1c, DOCOSENOIC","ACIDES GRAS MONOINSATURÉS, 22:1c, DOCOSÉNOÏQUE",,3
832,685,18:3cccn-6,g,"FATTY ACIDS, POLYUNSATURATED, 18:3 c,c,c n-6, g-LINOLENIC, OCTADECATRIENOIC","ACIDES GRAS POLYINSATURÉS, 18:3 c,c,c n-6, g-LINOLÉNIQUE, OCTADÉCATRIÉNOÏQUE",F18D3CN6,3
826,687,17:1,g,"FATTY ACIDS, MONOUNSATURATED, 17:1, HEPTADECENOIC","ACIDES GRAS MONOINSATURÉS, 17:1, HEPTADÉCÉNOÏQUE",F17D1,3
827,689,20:3undiff,g,"FATTY ACIDS, POLYUNSATURATED, 20:3, EICOSATRIENOIC","ACIDES GRAS POLYINSATURÉS, 20:3, EÏCOSATRIÉNOÏQUE",F20D3,3
829,693,TRMO,g,"FATTY ACIDS, TOTAL TRANS-MONOENOIC",ACIDES GRAS TRANS MONOÉNOÏQUES TOTAUX,FATRNM,3
859,695,TRPO,g,"FATTY ACIDS, TOTAL TRANS-POLYENOIC",ACIDES GRAS TRANS POLYÉNOÏQUES TOTAUX,FATRNP,3
830,696,13:0,g,"FATTY ACIDS, SATURATED, 13:0 TRIDECANOIC","ACIDES GRAS SATURÉS, 13:0, TRIDÉCANOÏQUE",F13D0,3
833,697,15:1,g,"FATTY ACIDS, MONOUNSATURATED, 15:1, PENTADECENOIC","ACIDES GRAS MONOINSATURÉS, 15:1, PENTADÉCÉNOÏQUE",F15D1,3
802,802,TMOS,g,TOTAL MONOSACCARIDES,MONOSACCHARIDES TOTAUX,MNSAC,2
803,803,TDIS,g,TOTAL DISACCHARIDES,DISACCHARIDES TOTAUX,DISAC,2
831,851,18:3cccn-3,g,"FATTY ACIDS, POLYUNSATURATED, 18:3 c,c,c n-3  LINOLENIC, OCTADECATRIENOIC","ACIDES GRAS POLYINSATURÉS, 18:3 c,c,c  n-3, LINOLÉNIQUE, OCTADÉCATRIÉNOÏQUE",F18D3CN3,3
861,852,20:3n-3,g,"FATTY ACIDS, POLYUNSATURATED, 20:3 n-3 EICOSATRIENOIC","ACIDES GRAS POLYINSATURÉS, 20:3 n-3",F20D3N3,3
854,853,20:3n-6,g,"FATTY ACIDS, POLYUNSATURATED, 20:3 n-6, EICOSATRIENOIC","ACIDES GRAS POLYINSATURÉS, 20:3 n-6, EÏCOSATRIÉNOÏQUE",F20D3N6,3
855,855,20:4n-6,g,"FATTY ACIDS, POLYUNSATURATED, 20:4 n-6, ARACHIDONIC","ACIDES GRAS POLYINSATURÉS, 20:4 n-6, ARACHIDONIQUE",F20D4N6,3
841,856,18:3i,g,"FATTY ACIDS, POLYUNSATURATED, 18:3i, LINOLENIC, OCTADECATRIENOIC","ACIDES GRAS POLYINSATURÉS, 18:3i, LINOLÉNIQUE, OCTADÉCATRIÉNOÏQUE",,3
843,857,21:5,g,"FATTY ACIDS, POLYUNSATURATED, 21:5","ACIDES GRAS POLYINSATURÉS,  21:5",F21D5,3
845,858,22:4n-6,g,"FATTY ACIDS, POLYUNSATURATED, 22:4 n-6, DOCOSATETRAENOIC","ACIDES GRAS POLYINSATURÉS, 22:4n-6, DOCOSATÉTRAÉNOÏQUE",F22D4,3
846,859,24:1undiff,g,"FATTY ACIDS, MONOUNSATURATED,  24:1undifferentiated, TETRACOSENOIC","ACIDES GRAS MONOINSATURÉS, 24:1non différencié, TÉTRACOSÉNOÏQUE",F24D1,3
847,860,12:1,g,"FATTY ACIDS, MONOUNSATURATED, 12:1, LAUROLEIC","ACIDES GRAS MONOINSATURÉS, 12:1, LAUROLEIC",F12D1,3
848,861,22:3,g,"FATTY ACIDS, POLYUNSATURATED, 22:3,","ACIDES GRAS POLYINSATURÉS, 22:3",F22D3,3
849,862,22:2,g,"FATTY ACIDS, POLYUNSATURATED, 22:2, DOCOSADIENOIC","ACIDES GRAS POLYINSATURÉS, 22:2, DOCOSADIÉNOÏQUE",F22D2,3
868,902,TOmega n-3,g,"FATTY ACIDS, POLYUNSATURATED, TOTAL OMEGA  N-3","ACIDES GRAS POLYINSATURÉS, TOTAUX D'OMÉGA N-3
",FAPUN3,3
869,903,TOmega n-6,g,"FATTY ACIDS, POLYUNSATURATED, TOTAL OMEGA   N-6","ACIDES GRAS POLYINSATURÉS, TOTAUX D'OMÉGA N-6",FAPUN6,3
